exit_reason,count,sum_pnl_usdt,avg_pnl_usdt
TP,347,72295.264603,208.343702
SL,475,-8951.375987,-18.845002
